date,precipitation_mm
2000-01-01,0.4702
2000-01-02,0.7716
2000-01-03,0.0993
2000-01-04,0.1439
2000-01-05,1.5214
2000-01-06,10.3805
2000-01-07,5.1221
2000-01-08,4.0620
2000-01-09,0.4803
2000-01-10,4.5578
2000-01-11,0.1598
2000-01-12,0.0000
2000-02-01,4.7603
2000-02-02,0.0684
2000-02-03,0.0000
2000-02-04,0.3468
2000-02-05,6.4393
2000-02-06,6.4338
2000-02-07,6.0724
2000-02-08,3.8588
2000-02-09,0.0232
2000-02-10,8.4028
2000-02-11,0.0000
2000-02-12,1.5205
2000-03-01,1.1780
2000-03-02,1.3592
2000-03-03,0.0000
2000-03-04,4.2732
2000-03-05,1.3251
2000-03-06,4.7978
2000-03-07,1.3075
2000-03-08,4.1768
2000-03-09,1.1391
2000-03-10,3.7299
2000-03-11,0.0000
2000-03-12,1.0608
2000-04-01,0.0808
2000-04-02,0.1636
2000-04-03,0.1880
2000-04-04,5.5720
2000-04-05,1.7295
2000-04-06,0.0000
2000-04-07,0.3362
2000-04-08,0.0059
2000-04-09,4.6574
2000-04-10,22.5791
2000-04-11,0.0000
2000-04-12,6.6127
2000-05-01,0.0021
2000-05-02,0.0000
2000-05-03,0.9463
2000-05-04,3.9332
2000-05-05,14.3422
2000-05-06,0.0000
2000-05-07,1.5771
2000-05-08,0.1552
2000-05-09,6.3331
2000-05-10,3.1659
2000-05-11,13.1173
2000-05-12,1.3162
2000-06-01,1.6907
2000-06-02,0.0000
2000-06-03,0.9411
2000-06-04,0.0000
2000-06-05,0.4379
2000-06-06,1.6475
2000-06-07,4.4072
2000-06-08,5.5912
2000-06-09,6.5089
2000-06-10,4.5304
2000-06-11,4.5684
2000-06-12,0.0361
2000-07-01,1.0266
2000-07-02,0.0000
2000-07-03,0.7944
2000-07-04,0.0000
2000-07-05,0.1467
2000-07-06,1.9128
2000-07-07,0.9117
2000-07-08,6.8151
2000-07-09,6.8800
2000-07-10,12.3818
2000-07-11,10.1513
2000-07-12,0.1953
2000-08-01,7.6457
2000-08-02,0.0000
2000-08-03,0.0000
2000-08-04,0.0000
2000-08-05,4.6776
2000-08-06,5.0499
2000-08-07,3.1142
2000-08-08,9.1408
2000-08-09,2.6337
2000-08-10,1.0642
2000-08-11,8.7098
2000-08-12,0.8433
2000-09-01,3.9556
2000-09-02,4.7641
2000-09-03,0.0106
2000-09-04,0.9280
2000-09-05,6.2457
2000-09-06,8.1317
2000-09-07,3.8423
2000-09-08,5.5114
2000-09-09,2.8048
2000-09-10,0.0390
2000-09-11,4.5542
2000-09-12,0.7598
2000-10-01,0.0000
2000-10-02,2.6919
2000-10-03,0.0000
2000-10-04,0.8982
2000-10-05,8.2223
2000-10-06,6.6628
2000-10-07,8.5238
2000-10-08,0.6973
2000-10-09,2.4345
2000-10-10,0.0000
2000-10-11,0.0000
2000-10-12,0.6298
2000-11-01,0.0000
2000-11-02,0.0605
2000-11-03,1.1544
2000-11-04,0.5141
2000-11-05,15.0525
2000-11-06,0.0187
2000-11-07,3.6687
2000-11-08,0.7076
2000-11-09,0.3932
2000-11-10,0.0000
2000-11-11,1.1443
2000-11-12,0.0000
2000-12-01,0.0000
2000-12-02,0.0000
2000-12-03,1.1997
2000-12-04,0.1584
2000-12-05,5.6728
2000-12-06,0.1065
2000-12-07,3.3025
2000-12-08,0.5341
2000-12-09,3.8195
2000-12-10,0.0000
2000-12-11,7.3493
2000-12-12,0.0000
2001-01-01,0.0000
2001-01-02,0.0395
2001-01-03,0.0600
2001-01-04,29.6094
2001-01-05,1.7158
2001-01-06,4.3208
2001-01-07,10.9050
2001-01-08,0.2495
2001-01-09,0.5785
2001-01-10,0.0000
2001-01-11,0.7242
2001-01-12,3.3992
2001-02-01,0.0000
2001-02-02,0.0000
2001-02-03,3.1494
2001-02-04,3.7790
2001-02-05,0.8748
2001-02-06,9.2448
2001-02-07,7.6684
2001-02-08,0.5368
2001-02-09,9.4717
2001-02-10,5.5026
2001-02-11,3.4825
2001-02-12,4.7626
2001-03-01,0.0336
2001-03-02,0.0797
2001-03-03,0.0000
2001-03-04,0.0000
2001-03-05,2.3821
2001-03-06,0.0004
2001-03-07,7.3608
2001-03-08,2.9961
2001-03-09,6.7481
2001-03-10,3.6404
2001-03-11,0.9909
2001-03-12,0.4434
2001-04-01,0.4917
2001-04-02,1.2208
2001-04-03,0.0000
2001-04-04,0.1206
2001-04-05,8.6128
2001-04-06,1.4633
2001-04-07,9.5172
2001-04-08,2.4284
2001-04-09,3.2089
2001-04-10,12.5153
2001-04-11,0.0000
2001-04-12,0.0000
2001-05-01,0.2227
2001-05-02,0.0427
2001-05-03,0.0000
2001-05-04,10.7049
2001-05-05,0.0525
2001-05-06,6.0330
2001-05-07,0.1146
2001-05-08,5.1224
2001-05-09,0.2312
2001-05-10,22.9129
2001-05-11,0.0000
2001-05-12,0.0000
2001-06-01,0.5604
2001-06-02,0.9633
2001-06-03,0.1026
2001-06-04,0.4748
2001-06-05,0.0071
2001-06-06,2.9425
2001-06-07,5.8802
2001-06-08,4.4807
2001-06-09,3.1593
2001-06-10,0.8170
2001-06-11,0.0000
2001-06-12,1.9847
2001-07-01,0.0000
2001-07-02,0.0161
2001-07-03,0.1366
2001-07-04,6.9290
2001-07-05,0.0000
2001-07-06,6.8045
2001-07-07,5.2696
2001-07-08,0.0389
2001-07-09,3.9683
2001-07-10,0.0000
2001-07-11,0.0000
2001-07-12,6.8172
2001-08-01,0.0000
2001-08-02,0.3517
2001-08-03,0.0000
2001-08-04,0.0000
2001-08-05,6.1382
2001-08-06,0.0000
2001-08-07,3.9879
2001-08-08,5.2006
2001-08-09,1.3689
2001-08-10,1.2064
2001-08-11,0.0388
2001-08-12,12.9484
2001-09-01,0.9892
2001-09-02,3.5986
2001-09-03,0.0000
2001-09-04,0.0000
2001-09-05,0.7653
2001-09-06,1.8252
2001-09-07,0.6009
2001-09-08,2.7204
2001-09-09,6.9716
2001-09-10,10.8346
2001-09-11,0.9799
2001-09-12,5.0596
2001-10-01,5.7595
2001-10-02,4.6149
2001-10-03,0.4056
2001-10-04,0.0000
2001-10-05,1.2964
2001-10-06,4.0713
2001-10-07,0.6777
2001-10-08,2.2992
2001-10-09,2.4903
2001-10-10,10.9539
2001-10-11,4.0616
2001-10-12,0.0000
2001-11-01,0.0000
2001-11-02,0.0000
2001-11-03,5.4983
2001-11-04,0.0000
2001-11-05,4.1363
2001-11-06,8.3735
2001-11-07,2.2143
2001-11-08,3.9799
2001-11-09,2.6062
2001-11-10,0.1451
2001-11-11,0.1986
2001-11-12,0.0000
2001-12-01,0.0000
2001-12-02,0.0212
2001-12-03,2.6780
2001-12-04,0.3274
2001-12-05,3.9094
2001-12-06,5.7551
2001-12-07,8.5663
2001-12-08,5.4100
2001-12-09,18.7982
2001-12-10,0.0000
2001-12-11,0.0000
2001-12-12,0.0000
2002-01-01,2.0546
2002-01-02,0.6082
2002-01-03,2.6776
2002-01-04,9.1446
2002-01-05,3.2383
2002-01-06,0.5699
2002-01-07,11.1675
2002-01-08,2.0587
2002-01-09,7.7877
2002-01-10,1.5653
2002-01-11,0.0000
2002-01-12,0.8329
2002-02-01,0.0000
2002-02-02,4.1242
2002-02-03,1.1749
2002-02-04,1.5441
2002-02-05,7.2450
2002-02-06,3.9022
2002-02-07,10.3569
2002-02-08,1.5075
2002-02-09,5.8408
2002-02-10,1.5242
2002-02-11,0.0000
2002-02-12,9.7500
2002-03-01,0.0000
2002-03-02,1.8329
2002-03-03,1.0277
2002-03-04,3.8213
2002-03-05,3.5853
2002-03-06,3.5200
2002-03-07,5.6209
2002-03-08,1.6490
2002-03-09,3.3409
2002-03-10,0.1883
2002-03-11,0.0000
2002-03-12,1.6632
2002-04-01,0.1669
2002-04-02,2.7440
2002-04-03,0.0009
2002-04-04,4.3470
2002-04-05,0.8307
2002-04-06,5.7303
2002-04-07,5.9385
2002-04-08,2.6150
2002-04-09,3.1389
2002-04-10,0.7232
2002-04-11,0.2630
2002-04-12,1.3170
2002-05-01,0.2950
2002-05-02,1.5976
2002-05-03,0.0000
2002-05-04,20.3144
2002-05-05,6.6605
2002-05-06,8.7910
2002-05-07,4.8405
2002-05-08,0.7115
2002-05-09,1.7033
2002-05-10,0.0000
2002-05-11,0.1000
2002-05-12,0.0681
2002-06-01,0.6406
2002-06-02,0.3259
2002-06-03,1.0001
2002-06-04,0.2835
2002-06-05,8.2754
2002-06-06,5.1172
2002-06-07,4.1085
2002-06-08,0.4436
2002-06-09,7.7321
2002-06-10,3.2068
2002-06-11,0.0000
2002-06-12,0.0000
2002-07-01,0.2824
2002-07-02,0.0000
2002-07-03,3.7756
2002-07-04,7.3388
2002-07-05,3.6975
2002-07-06,1.0940
2002-07-07,3.9237
2002-07-08,1.2246
2002-07-09,0.0000
2002-07-10,16.3638
2002-07-11,0.0123
2002-07-12,0.0000
2002-08-01,0.0000
2002-08-02,0.0000
2002-08-03,0.3167
2002-08-04,0.0000
2002-08-05,2.2909
2002-08-06,10.6474
2002-08-07,3.0963
2002-08-08,0.6166
2002-08-09,0.0000
2002-08-10,1.3340
2002-08-11,1.3628
2002-08-12,0.0000
2002-09-01,3.6503
2002-09-02,0.0000
2002-09-03,0.0000
2002-09-04,2.2648
2002-09-05,10.8059
2002-09-06,10.7967
2002-09-07,3.7856
2002-09-08,0.1858
2002-09-09,0.2646
2002-09-10,0.0000
2002-09-11,0.3631
2002-09-12,0.3133
2002-10-01,6.4986
2002-10-02,0.0000
2002-10-03,0.7342
2002-10-04,0.0000
2002-10-05,5.0516
2002-10-06,2.7216
2002-10-07,6.5628
2002-10-08,0.8057
2002-10-09,0.7083
2002-10-10,1.6779
2002-10-11,0.0000
2002-10-12,1.4796
2002-11-01,8.5326
2002-11-02,0.0000
2002-11-03,8.6920
2002-11-04,0.3708
2002-11-05,1.2875
2002-11-06,3.2968
2002-11-07,1.8339
2002-11-08,2.1732
2002-11-09,2.2164
2002-11-10,2.5655
2002-11-11,0.0955
2002-11-12,2.3540
2002-12-01,10.9067
2002-12-02,2.5047
2002-12-03,2.0486
2002-12-04,23.5587
2002-12-05,1.9779
2002-12-06,3.2069
2002-12-07,1.3813
2002-12-08,4.0375
2002-12-09,0.6569
2002-12-10,3.3241
2002-12-11,0.0000
2002-12-12,5.7028
2003-01-01,0.0000
2003-01-02,0.0000
2003-01-03,1.9610
2003-01-04,6.0831
2003-01-05,12.5083
2003-01-06,4.1700
2003-01-07,6.1435
2003-01-08,4.1181
2003-01-09,0.2842
2003-01-10,0.3982
2003-01-11,9.0846
2003-01-12,0.0000
2003-02-01,0.0000
2003-02-02,0.0000
2003-02-03,7.1006
2003-02-04,3.9679
2003-02-05,6.1521
2003-02-06,2.1966
2003-02-07,4.8104
2003-02-08,4.0901
2003-02-09,1.4056
2003-02-10,0.1167
2003-02-11,8.6019
2003-02-12,0.1491
2003-03-01,0.0000
2003-03-02,0.0000
2003-03-03,5.2786
2003-03-04,0.0000
2003-03-05,1.8303
2003-03-06,13.7405
2003-03-07,6.0218
2003-03-08,5.1913
2003-03-09,1.8941
2003-03-10,4.5320
2003-03-11,11.8250
2003-03-12,0.0001
2003-04-01,0.0000
2003-04-02,0.1223
2003-04-03,0.9773
2003-04-04,0.0000
2003-04-05,0.0320
2003-04-06,2.6145
2003-04-07,7.7793
2003-04-08,4.2488
2003-04-09,3.5255
2003-04-10,8.3545
2003-04-11,21.7678
2003-04-12,0.0000
2003-05-01,0.0000
2003-05-02,0.9236
2003-05-03,0.0000
2003-05-04,3.8543
2003-05-05,2.6420
2003-05-06,3.7816
2003-05-07,11.5293
2003-05-08,1.7753
2003-05-09,3.9899
2003-05-10,7.7016
2003-05-11,13.4750
2003-05-12,0.3563
2003-06-01,0.0000
2003-06-02,5.0494
2003-06-03,0.0000
2003-06-04,7.1230
2003-06-05,0.0566
2003-06-06,5.9542
2003-06-07,5.8369
2003-06-08,2.3620
2003-06-09,2.3162
2003-06-10,4.8990
2003-06-11,0.9183
2003-06-12,1.6489
2003-07-01,1.4416
2003-07-02,10.0592
2003-07-03,0.0000
2003-07-04,20.4902
2003-07-05,0.0000
2003-07-06,22.0552
2003-07-07,6.6397
2003-07-08,3.5168
2003-07-09,0.4863
2003-07-10,14.6941
2003-07-11,0.1222
2003-07-12,2.1509
2003-08-01,0.0352
2003-08-02,1.1429
2003-08-03,3.2954
2003-08-04,1.9705
2003-08-05,0.0000
2003-08-06,2.4012
2003-08-07,6.0079
2003-08-08,0.1680
2003-08-09,1.2263
2003-08-10,4.9656
2003-08-11,2.0239
2003-08-12,1.6855
2003-09-01,0.0000
2003-09-02,0.2053
2003-09-03,1.9261
2003-09-04,11.0386
2003-09-05,0.0000
2003-09-06,0.5726
2003-09-07,9.5709
2003-09-08,0.6668
2003-09-09,2.3632
2003-09-10,0.0000
2003-09-11,0.0029
2003-09-12,0.1596
2003-10-01,0.0000
2003-10-02,0.0000
2003-10-03,1.0413
2003-10-04,22.5437
2003-10-05,9.6726
2003-10-06,3.2918
2003-10-07,11.0623
2003-10-08,2.4586
2003-10-09,2.7805
2003-10-10,0.0000
2003-10-11,0.0883
2003-10-12,0.0426
2003-11-01,1.2604
2003-11-02,0.0000
2003-11-03,0.3018
2003-11-04,7.9275
2003-11-05,1.1403
2003-11-06,13.7021
2003-11-07,7.3304
2003-11-08,2.2482
2003-11-09,2.5696
2003-11-10,0.8079
2003-11-11,0.9522
2003-11-12,3.1891
2003-12-01,0.1328
2003-12-02,0.3339
2003-12-03,0.0497
2003-12-04,0.0000
2003-12-05,1.6251
2003-12-06,11.3576
2003-12-07,15.5927
2003-12-08,2.2682
2003-12-09,2.4938
2003-12-10,0.5542
2003-12-11,23.0384
2003-12-12,5.7797
2004-01-01,0.3033
2004-01-02,0.0000
2004-01-03,0.0000
2004-01-04,0.0149
2004-01-05,1.0340
2004-01-06,0.6277
2004-01-07,1.8635
2004-01-08,5.8651
2004-01-09,1.5290
2004-01-10,1.2131
2004-01-11,0.4177
2004-01-12,0.8308
2004-02-01,1.1261
2004-02-02,0.0000
2004-02-03,0.0556
2004-02-04,1.0880
2004-02-05,0.6416
2004-02-06,2.5278
2004-02-07,3.2024
2004-02-08,2.2797
2004-02-09,2.8524
2004-02-10,7.3093
2004-02-11,6.4002
2004-02-12,0.0000
2004-03-01,0.3793
2004-03-02,0.0000
2004-03-03,0.5724
2004-03-04,3.0292
2004-03-05,1.8707
2004-03-06,1.5567
2004-03-07,1.8253
2004-03-08,2.9404
2004-03-09,2.6649
2004-03-10,7.3138
2004-03-11,2.5629
2004-03-12,4.5031
2004-04-01,0.3157
2004-04-02,0.0000
2004-04-03,1.0226
2004-04-04,0.0000
2004-04-05,1.5656
2004-04-06,2.4397
2004-04-07,8.2187
2004-04-08,2.2503
2004-04-09,2.6391
2004-04-10,0.7962
2004-04-11,1.0857
2004-04-12,1.0157
2004-05-01,0.0000
2004-05-02,0.0396
2004-05-03,0.8305
2004-05-04,0.0517
2004-05-05,0.4838
2004-05-06,7.0491
2004-05-07,17.8685
2004-05-08,4.7540
2004-05-09,4.3844
2004-05-10,0.8564
2004-05-11,14.3000
2004-05-12,0.0000
2004-06-01,0.0921
2004-06-02,0.0000
2004-06-03,0.1328
2004-06-04,5.5718
2004-06-05,3.6753
2004-06-06,10.4381
2004-06-07,1.8648
2004-06-08,10.6368
2004-06-09,0.9172
2004-06-10,10.5308
2004-06-11,1.3733
2004-06-12,0.0000
2004-07-01,0.7496
2004-07-02,1.3122
2004-07-03,0.1529
2004-07-04,11.3991
2004-07-05,40.8572
2004-07-06,2.6433
2004-07-07,1.9467
2004-07-08,3.0633
2004-07-09,5.9276
2004-07-10,10.8877
2004-07-11,3.4156
2004-07-12,0.3104
2004-08-01,0.8359
2004-08-02,1.5098
2004-08-03,15.8205
2004-08-04,4.2275
2004-08-05,1.0528
2004-08-06,4.4692
2004-08-07,14.3169
2004-08-08,1.7190
2004-08-09,4.9057
2004-08-10,0.0519
2004-08-11,0.5921
2004-08-12,0.0000
2004-09-01,1.9488
2004-09-02,0.2573
2004-09-03,7.7964
2004-09-04,4.5567
2004-09-05,8.1625
2004-09-06,0.2658
2004-09-07,3.4772
2004-09-08,3.9373
2004-09-09,4.8498
2004-09-10,0.0000
2004-09-11,0.5177
2004-09-12,1.6367
2004-10-01,0.4810
2004-10-02,0.1912
2004-10-03,0.2848
2004-10-04,6.4170
2004-10-05,19.6605
2004-10-06,0.4714
2004-10-07,1.7369
2004-10-08,2.6421
2004-10-09,0.5559
2004-10-10,0.0000
2004-10-11,1.3323
2004-10-12,1.1069
2004-11-01,8.7621
2004-11-02,0.0000
2004-11-03,1.5447
2004-11-04,1.3909
2004-11-05,0.0618
2004-11-06,1.6284
2004-11-07,2.4174
2004-11-08,3.7960
2004-11-09,0.0000
2004-11-10,0.0000
2004-11-11,0.6145
2004-11-12,0.0178
2004-12-01,3.5796
2004-12-02,0.0000
2004-12-03,0.5419
2004-12-04,0.0000
2004-12-05,0.0000
2004-12-06,0.2974
2004-12-07,7.9451
2004-12-08,0.8369
2004-12-09,0.0000
2004-12-10,0.6486
2004-12-11,0.5331
2004-12-12,2.6291
2005-01-01,1.0214
2005-01-02,3.9252
2005-01-03,0.0000
2005-01-04,1.0485
2005-01-05,2.9013
2005-01-06,1.2347
2005-01-07,0.4269
2005-01-08,3.4249
2005-01-09,2.3038
2005-01-10,0.0000
2005-01-11,1.1116
2005-01-12,0.0000
2005-02-01,0.4569
2005-02-02,3.7286
2005-02-03,0.0000
2005-02-04,0.0000
2005-02-05,3.6393
2005-02-06,0.3918
2005-02-07,1.4360
2005-02-08,11.4874
2005-02-09,0.6172
2005-02-10,2.8903
2005-02-11,0.3022
2005-02-12,0.0000
2005-03-01,0.0551
2005-03-02,7.2181
2005-03-03,0.0000
2005-03-04,7.1246
2005-03-05,0.0000
2005-03-06,1.1370
2005-03-07,2.8061
2005-03-08,8.9665
2005-03-09,0.9739
2005-03-10,1.2356
2005-03-11,0.3906
2005-03-12,0.0000
2005-04-01,0.6035
2005-04-02,1.9144
2005-04-03,0.0000
2005-04-04,15.3878
2005-04-05,4.9978
2005-04-06,2.9722
2005-04-07,0.3901
2005-04-08,9.8339
2005-04-09,0.3110
2005-04-10,1.2901
2005-04-11,0.0000
2005-04-12,0.6775
2005-05-01,0.8568
2005-05-02,0.5466
2005-05-03,0.0501
2005-05-04,17.0495
2005-05-05,5.2293
2005-05-06,4.6765
2005-05-07,1.3568
2005-05-08,5.3918
2005-05-09,0.3156
2005-05-10,0.8721
2005-05-11,0.0000
2005-05-12,3.2713
2005-06-01,0.0000
2005-06-02,0.0485
2005-06-03,0.6104
2005-06-04,6.9250
2005-06-05,6.9812
2005-06-06,4.4810
2005-06-07,1.2321
2005-06-08,0.7369
2005-06-09,0.3810
2005-06-10,0.9062
2005-06-11,0.0000
2005-06-12,1.4531
2005-07-01,0.4780
2005-07-02,0.0000
2005-07-03,0.0000
2005-07-04,0.0000
2005-07-05,1.2097
2005-07-06,4.8738
2005-07-07,0.3376
2005-07-08,3.7447
2005-07-09,3.7048
2005-07-10,2.8156
2005-07-11,0.0082
2005-07-12,7.9577
2005-08-01,2.8046
2005-08-02,0.3035
2005-08-03,0.3261
2005-08-04,0.3277
2005-08-05,12.2856
2005-08-06,3.4909
2005-08-07,0.0952
2005-08-08,17.6664
2005-08-09,4.2218
2005-08-10,1.3034
2005-08-11,0.0058
2005-08-12,2.5574
2005-09-01,0.9612
2005-09-02,0.0000
2005-09-03,2.2015
2005-09-04,1.6840
2005-09-05,20.5236
2005-09-06,1.6545
2005-09-07,0.7994
2005-09-08,0.7835
2005-09-09,3.3940
2005-09-10,0.8542
2005-09-11,1.7703
2005-09-12,0.0000
2005-10-01,1.6313
2005-10-02,0.3313
2005-10-03,0.7756
2005-10-04,0.0684
2005-10-05,3.6203
2005-10-06,7.3732
2005-10-07,1.3390
2005-10-08,5.4523
2005-10-09,0.2649
2005-10-10,0.0000
2005-10-11,8.3327
2005-10-12,0.0000
2005-11-01,0.0000
2005-11-02,1.1215
2005-11-03,5.6382
2005-11-04,0.1578
2005-11-05,2.5585
2005-11-06,12.6248
2005-11-07,2.3515
2005-11-08,12.1205
2005-11-09,0.0949
2005-11-10,0.2073
2005-11-11,4.9193
2005-11-12,0.0000
2005-12-01,0.3243
2005-12-02,1.7986
2005-12-03,13.9318
2005-12-04,0.9661
2005-12-05,14.7800
2005-12-06,4.4260
2005-12-07,2.6737
2005-12-08,13.5235
2005-12-09,2.6774
2005-12-10,1.6928
2005-12-11,1.6173
2005-12-12,0.0000
2006-01-01,0.6263
2006-01-02,1.4590
2006-01-03,0.2150
2006-01-04,36.9491
2006-01-05,2.5638
2006-01-06,6.5161
2006-01-07,7.3483
2006-01-08,3.3893
2006-01-09,0.7734
2006-01-10,1.7354
2006-01-11,2.9127
2006-01-12,1.0869
2006-02-01,0.2962
2006-02-02,2.4886
2006-02-03,2.1210
2006-02-04,13.5496
2006-02-05,8.1276
2006-02-06,2.3850
2006-02-07,6.4305
2006-02-08,0.2715
2006-02-09,2.7736
2006-02-10,3.0412
2006-02-11,0.0576
2006-02-12,0.4735
2006-03-01,0.0488
2006-03-02,0.1724
2006-03-03,0.2015
2006-03-04,0.4854
2006-03-05,5.2528
2006-03-06,10.0544
2006-03-07,4.3358
2006-03-08,6.2320
2006-03-09,5.2315
2006-03-10,8.1012
2006-03-11,1.0712
2006-03-12,0.0001
2006-04-01,0.0000
2006-04-02,0.5326
2006-04-03,0.3196
2006-04-04,0.0000
2006-04-05,1.6546
2006-04-06,0.3591
2006-04-07,3.8704
2006-04-08,1.7082
2006-04-09,0.2677
2006-04-10,4.0497
2006-04-11,3.3486
2006-04-12,0.2482
2006-05-01,0.0000
2006-05-02,0.1431
2006-05-03,3.3735
2006-05-04,0.3872
2006-05-05,3.6638
2006-05-06,2.7993
2006-05-07,5.9980
2006-05-08,0.2599
2006-05-09,3.0587
2006-05-10,7.8919
2006-05-11,3.5818
2006-05-12,2.4128
2006-06-01,0.0000
2006-06-02,1.0513
2006-06-03,2.1481
2006-06-04,4.5069
2006-06-05,9.5165
2006-06-06,4.6776
2006-06-07,14.0165
2006-06-08,0.9484
2006-06-09,5.5652
2006-06-10,0.0000
2006-06-11,0.1758
2006-06-12,0.0007
2006-07-01,0.8536
2006-07-02,0.0000
2006-07-03,1.0772
2006-07-04,0.0000
2006-07-05,1.8295
2006-07-06,3.0327
2006-07-07,3.2474
2006-07-08,1.1487
2006-07-09,1.2053
2006-07-10,0.0000
2006-07-11,0.1139
2006-07-12,0.0000
2006-08-01,0.5334
2006-08-02,0.0000
2006-08-03,0.2941
2006-08-04,33.9855
2006-08-05,0.0269
2006-08-06,3.2028
2006-08-07,3.4027
2006-08-08,0.7052
2006-08-09,0.5374
2006-08-10,0.2006
2006-08-11,0.0071
2006-08-12,0.0000
2006-09-01,1.9998
2006-09-02,0.2739
2006-09-03,0.0000
2006-09-04,28.2864
2006-09-05,0.9919
2006-09-06,3.8327
2006-09-07,1.4360
2006-09-08,0.1896
2006-09-09,0.2221
2006-09-10,2.8985
2006-09-11,9.7950
2006-09-12,0.0000
2006-10-01,6.2212
2006-10-02,12.9975
2006-10-03,0.0000
2006-10-04,0.3401
2006-10-05,0.0115
2006-10-06,4.6400
2006-10-07,4.4446
2006-10-08,0.0059
2006-10-09,15.5387
2006-10-10,4.6617
2006-10-11,5.9300
2006-10-12,0.0000
2006-11-01,2.2665
2006-11-02,4.3296
2006-11-03,0.0000
2006-11-04,0.0000
2006-11-05,0.0901
2006-11-06,4.4418
2006-11-07,12.3175
2006-11-08,0.0199
2006-11-09,0.0000
2006-11-10,4.1744
2006-11-11,0.7812
2006-11-12,0.0000
2006-12-01,0.2023
2006-12-02,0.8608
2006-12-03,0.0000
2006-12-04,0.0000
2006-12-05,2.1668
2006-12-06,5.2603
2006-12-07,3.3263
2006-12-08,0.0047
2006-12-09,0.3694
2006-12-10,2.9193
2006-12-11,0.0000
2006-12-12,0.0000
2007-01-01,1.5804
2007-01-02,0.4608
2007-01-03,0.0000
2007-01-04,10.3476
2007-01-05,0.7388
2007-01-06,2.9630
2007-01-07,1.2270
2007-01-08,4.5557
2007-01-09,2.0173
2007-01-10,4.7056
2007-01-11,0.0000
2007-01-12,0.8298
2007-02-01,2.3838
2007-02-02,4.2515
2007-02-03,0.0000
2007-02-04,1.5826
2007-02-05,8.3181
2007-02-06,4.0586
2007-02-07,2.8545
2007-02-08,5.1954
2007-02-09,7.2354
2007-02-10,6.7772
2007-02-11,0.0000
2007-02-12,0.0000
2007-03-01,0.0000
2007-03-02,0.4031
2007-03-03,0.0000
2007-03-04,1.5229
2007-03-05,3.3872
2007-03-06,4.7903
2007-03-07,2.5158
2007-03-08,3.2565
2007-03-09,2.6873
2007-03-10,7.6157
2007-03-11,0.0000
2007-03-12,0.0000
2007-04-01,0.0000
2007-04-02,0.8475
2007-04-03,0.0000
2007-04-04,0.2701
2007-04-05,9.2609
2007-04-06,5.7942
2007-04-07,0.7239
2007-04-08,2.2636
2007-04-09,11.2358
2007-04-10,0.0000
2007-04-11,0.0371
2007-04-12,0.0714
2007-05-01,0.0000
2007-05-02,0.1934
2007-05-03,0.0000
2007-05-04,0.6008
2007-05-05,3.2658
2007-05-06,3.8639
2007-05-07,5.6924
2007-05-08,0.6643
2007-05-09,1.7018
2007-05-10,0.0545
2007-05-11,0.3627
2007-05-12,1.4769
2007-06-01,0.0000
2007-06-02,0.6792
2007-06-03,0.0000
2007-06-04,2.6078
2007-06-05,14.4539
2007-06-06,3.2520
2007-06-07,4.7760
2007-06-08,2.3388
2007-06-09,0.0981
2007-06-10,2.4180
2007-06-11,0.0000
2007-06-12,1.4341
2007-07-01,0.0000
2007-07-02,0.0191
2007-07-03,0.0000
2007-07-04,0.0281
2007-07-05,11.7239
2007-07-06,5.9943
2007-07-07,3.7649
2007-07-08,2.9853
2007-07-09,2.9672
2007-07-10,0.3646
2007-07-11,0.0000
2007-07-12,1.8928
2007-08-01,0.0000
2007-08-02,0.2336
2007-08-03,0.4030
2007-08-04,0.5266
2007-08-05,10.4608
2007-08-06,4.5143
2007-08-07,3.2559
2007-08-08,2.7516
2007-08-09,5.3681
2007-08-10,0.1265
2007-08-11,2.2512
2007-08-12,0.0433
2007-09-01,0.0000
2007-09-02,0.1000
2007-09-03,3.5875
2007-09-04,4.4470
2007-09-05,0.0000
2007-09-06,0.2861
2007-09-07,3.0411
2007-09-08,1.3974
2007-09-09,0.4913
2007-09-10,0.0000
2007-09-11,12.5711
2007-09-12,2.2206
2007-10-01,0.7112
2007-10-02,1.6304
2007-10-03,2.3089
2007-10-04,7.3760
2007-10-05,0.0000
2007-10-06,4.6656
2007-10-07,1.3761
2007-10-08,1.3618
2007-10-09,0.0000
2007-10-10,0.0000
2007-10-11,0.5134
2007-10-12,3.0388
2007-11-01,1.1654
2007-11-02,0.2039
2007-11-03,0.1798
2007-11-04,1.3174
2007-11-05,0.0000
2007-11-06,10.0283
2007-11-07,11.3055
2007-11-08,12.6831
2007-11-09,0.0942
2007-11-10,0.0546
2007-11-11,3.7126
2007-11-12,0.2652
2007-12-01,0.2569
2007-12-02,1.1550
2007-12-03,1.0756
2007-12-04,0.0739
2007-12-05,21.9453
2007-12-06,6.6914
2007-12-07,4.3617
2007-12-08,0.9859
2007-12-09,0.1622
2007-12-10,0.0000
2007-12-11,0.1327
2007-12-12,1.5572
2008-01-01,0.0000
2008-01-02,0.0000
2008-01-03,1.0918
2008-01-04,0.0000
2008-01-05,2.6851
2008-01-06,5.9802
2008-01-07,0.1473
2008-01-08,1.0688
2008-01-09,0.3285
2008-01-10,10.7885
2008-01-11,1.4453
2008-01-12,0.0137
2008-02-01,0.1326
2008-02-02,0.0000
2008-02-03,0.7150
2008-02-04,0.6830
2008-02-05,0.5319
2008-02-06,3.5513
2008-02-07,6.3115
2008-02-08,0.0918
2008-02-09,3.0897
2008-02-10,0.0000
2008-02-11,6.0077
2008-02-12,0.0000
2008-03-01,0.7142
2008-03-02,0.0768
2008-03-03,3.2730
2008-03-04,0.0000
2008-03-05,0.8157
2008-03-06,2.1076
2008-03-07,2.0705
2008-03-08,1.6928
2008-03-09,3.6930
2008-03-10,2.9130
2008-03-11,0.5414
2008-03-12,0.1956
2008-04-01,1.6862
2008-04-02,0.2075
2008-04-03,1.2615
2008-04-04,0.0000
2008-04-05,20.1702
2008-04-06,0.8344
2008-04-07,6.5998
2008-04-08,2.1102
2008-04-09,1.6884
2008-04-10,7.3539
2008-04-11,0.0000
2008-04-12,0.7795
2008-05-01,0.3931
2008-05-02,0.3855
2008-05-03,1.5793
2008-05-04,2.0866
2008-05-05,9.7385
2008-05-06,2.2810
2008-05-07,5.3190
2008-05-08,0.0000
2008-05-09,4.9545
2008-05-10,5.8606
2008-05-11,2.3936
2008-05-12,0.0611
2008-06-01,0.1000
2008-06-02,0.3162
2008-06-03,1.7714
2008-06-04,1.1812
2008-06-05,0.7341
2008-06-06,7.3012
2008-06-07,4.7586
2008-06-08,0.1206
2008-06-09,0.3251
2008-06-10,0.8722
2008-06-11,4.9192
2008-06-12,0.0000
2008-07-01,0.4206
2008-07-02,0.0594
2008-07-03,0.0000
2008-07-04,5.4559
2008-07-05,0.0000
2008-07-06,4.4427
2008-07-07,2.2552
2008-07-08,1.4855
2008-07-09,0.0000
2008-07-10,0.3106
2008-07-11,12.2850
2008-07-12,0.0000
2008-08-01,1.3468
2008-08-02,0.1364
2008-08-03,0.0477
2008-08-04,1.2678
2008-08-05,0.0000
2008-08-06,1.5140
2008-08-07,4.9536
2008-08-08,0.7440
2008-08-09,0.1575
2008-08-10,0.8661
2008-08-11,28.9537
2008-08-12,0.0000
2008-09-01,0.8407
2008-09-02,3.3547
2008-09-03,1.9040
2008-09-04,1.2181
2008-09-05,0.9510
2008-09-06,4.0171
2008-09-07,4.2124
2008-09-08,0.7044
2008-09-09,0.7021
2008-09-10,4.8297
2008-09-11,1.9634
2008-09-12,0.1685
2008-10-01,1.5592
2008-10-02,0.4372
2008-10-03,0.7366
2008-10-04,0.0000
2008-10-05,0.5361
2008-10-06,12.0460
2008-10-07,1.2127
2008-10-08,2.3894
2008-10-09,2.0433
2008-10-10,3.0859
2008-10-11,11.1322
2008-10-12,0.5019
2008-11-01,0.4903
2008-11-02,0.0000
2008-11-03,0.0000
2008-11-04,1.1270
2008-11-05,0.0212
2008-11-06,4.4508
2008-11-07,0.7188
2008-11-08,0.1257
2008-11-09,3.4197
2008-11-10,4.1023
2008-11-11,0.9973
2008-11-12,0.2569
2008-12-01,0.0580
2008-12-02,0.0000
2008-12-03,4.2283
2008-12-04,0.0763
2008-12-05,0.9164
2008-12-06,2.4708
2008-12-07,0.1634
2008-12-08,1.0567
2008-12-09,1.7739
2008-12-10,0.6776
2008-12-11,0.0000
2008-12-12,0.0000
2009-01-01,0.7499
2009-01-02,1.0761
2009-01-03,0.0309
2009-01-04,0.2411
2009-01-05,0.8014
2009-01-06,6.2327
2009-01-07,0.1278
2009-01-08,4.0967
2009-01-09,8.8619
2009-01-10,1.6740
2009-01-11,0.4508
2009-01-12,0.6839
2009-02-01,1.5971
2009-02-02,1.5931
2009-02-03,0.0000
2009-02-04,4.5669
2009-02-05,2.4373
2009-02-06,8.9218
2009-02-07,3.1331
2009-02-08,4.2849
2009-02-09,3.7249
2009-02-10,2.9805
2009-02-11,0.0771
2009-02-12,0.5521
2009-03-01,8.6304
2009-03-02,9.5414
2009-03-03,2.3361
2009-03-04,3.2239
2009-03-05,12.1622
2009-03-06,1.6407
2009-03-07,5.1578
2009-03-08,6.3634
2009-03-09,2.0157
2009-03-10,2.6438
2009-03-11,0.1302
2009-03-12,0.1583
2009-04-01,1.2082
2009-04-02,2.5366
2009-04-03,1.5036
2009-04-04,0.8604
2009-04-05,20.7304
2009-04-06,0.0027
2009-04-07,4.8942
2009-04-08,5.5349
2009-04-09,15.2580
2009-04-10,0.5305
2009-04-11,0.0000
2009-04-12,2.2613
2009-05-01,0.0000
2009-05-02,1.2159
2009-05-03,1.4900
2009-05-04,3.8661
2009-05-05,7.4405
2009-05-06,2.3550
2009-05-07,0.1926
2009-05-08,5.7899
2009-05-09,9.0078
2009-05-10,1.4361
2009-05-11,3.4721
2009-05-12,1.3249
2009-06-01,0.0000
2009-06-02,0.0000
2009-06-03,1.9118
2009-06-04,8.4126
2009-06-05,6.1564
2009-06-06,5.0702
2009-06-07,2.5649
2009-06-08,0.1641
2009-06-09,2.5536
2009-06-10,0.3093
2009-06-11,9.2089
2009-06-12,0.0000
2009-07-01,0.0000
2009-07-02,0.0843
2009-07-03,2.4328
2009-07-04,9.6825
2009-07-05,1.8459
2009-07-06,0.9193
2009-07-07,0.7272
2009-07-08,1.3616
2009-07-09,1.2991
2009-07-10,2.9394
2009-07-11,10.6353
2009-07-12,0.2471
2009-08-01,0.0000
2009-08-02,1.0210
2009-08-03,4.1195
2009-08-04,3.1996
2009-08-05,0.0000
2009-08-06,0.0444
2009-08-07,0.7792
2009-08-08,2.0205
2009-08-09,1.9591
2009-08-10,3.7814
2009-08-11,6.3889
2009-08-12,2.6347
2009-09-01,0.0000
2009-09-02,0.0845
2009-09-03,0.8759
2009-09-04,3.4953
2009-09-05,2.3383
2009-09-06,0.3952
2009-09-07,3.3395
2009-09-08,5.1765
2009-09-09,4.5400
2009-09-10,1.3209
2009-09-11,4.6399
2009-09-12,2.9031
2009-10-01,0.0805
2009-10-02,4.5025
2009-10-03,0.0000
2009-10-04,0.5187
2009-10-05,3.9024
2009-10-06,3.6758
2009-10-07,0.8278
2009-10-08,3.5757
2009-10-09,0.0529
2009-10-10,0.0958
2009-10-11,0.2170
2009-10-12,0.9475
2009-11-01,0.0000
2009-11-02,0.6805
2009-11-03,0.0000
2009-11-04,6.2943
2009-11-05,3.6890
2009-11-06,2.4166
2009-11-07,3.5038
2009-11-08,10.5811
2009-11-09,0.0000
2009-11-10,0.0004
2009-11-11,0.0000
2009-11-12,0.3781
2009-12-01,0.3314
2009-12-02,0.0000
2009-12-03,0.6575
2009-12-04,2.6443
2009-12-05,2.1636
2009-12-06,3.3090
2009-12-07,7.8453
2009-12-08,1.7292
2009-12-09,0.0026
2009-12-10,0.0000
2009-12-11,0.0000
2009-12-12,2.5651
2010-01-01,0.0000
2010-01-02,0.2232
2010-01-03,2.6521
2010-01-04,0.0752
2010-01-05,5.8560
2010-01-06,4.7685
2010-01-07,2.9644
2010-01-08,0.4832
2010-01-09,5.6125
2010-01-10,5.9463
2010-01-11,0.0000
2010-01-12,0.0000
2010-02-01,0.0570
2010-02-02,0.0000
2010-02-03,6.6426
2010-02-04,2.2935
2010-02-05,3.8727
2010-02-06,8.5267
2010-02-07,2.6276
2010-02-08,1.3547
2010-02-09,2.5110
2010-02-10,0.0000
2010-02-11,0.8311
2010-02-12,0.0520
2010-03-01,0.0166
2010-03-02,2.5259
2010-03-03,0.3874
2010-03-04,3.3546
2010-03-05,4.4251
2010-03-06,3.5431
2010-03-07,1.3399
2010-03-08,0.5306
2010-03-09,0.0905
2010-03-10,0.0043
2010-03-11,15.6778
2010-03-12,17.7736
2010-04-01,0.8618
2010-04-02,4.2531
2010-04-03,4.5782
2010-04-04,3.7815
2010-04-05,2.3047
2010-04-06,2.9739
2010-04-07,3.1355
2010-04-08,7.1909
2010-04-09,0.0000
2010-04-10,0.4704
2010-04-11,0.8649
2010-04-12,0.1052
2010-05-01,4.0059
2010-05-02,3.8670
2010-05-03,1.6980
2010-05-04,0.0986
2010-05-05,0.0312
2010-05-06,0.0437
2010-05-07,4.5990
2010-05-08,4.2347
2010-05-09,0.1604
2010-05-10,4.6904
2010-05-11,0.0000
2010-05-12,0.0000
2010-06-01,5.1343
2010-06-02,9.1473
2010-06-03,0.0148
2010-06-04,1.2555
2010-06-05,8.3907
2010-06-06,0.4952
2010-06-07,4.9231
2010-06-08,6.1570
2010-06-09,1.2319
2010-06-10,10.3625
2010-06-11,0.0000
2010-06-12,0.0000
2010-07-01,7.6192
2010-07-02,5.3601
2010-07-03,0.1797
2010-07-04,11.8739
2010-07-05,2.5382
2010-07-06,2.4361
2010-07-07,1.8390
2010-07-08,3.0265
2010-07-09,1.2018
2010-07-10,9.2514
2010-07-11,0.0000
2010-07-12,0.0000
2010-08-01,5.4214
2010-08-02,1.9156
2010-08-03,0.0000
2010-08-04,5.4735
2010-08-05,1.8068
2010-08-06,4.9364
2010-08-07,4.5985
2010-08-08,1.6024
2010-08-09,2.2873
2010-08-10,12.6190
2010-08-11,0.0000
2010-08-12,0.0000
2010-09-01,0.2024
2010-09-02,1.7273
2010-09-03,2.2014
2010-09-04,0.4079
2010-09-05,2.4254
2010-09-06,2.5654
2010-09-07,6.2939
2010-09-08,2.5714
2010-09-09,1.6624
2010-09-10,0.0965
2010-09-11,0.0000
2010-09-12,0.0000
2010-10-01,0.0000
2010-10-02,0.0923
2010-10-03,2.5872
2010-10-04,1.1504
2010-10-05,1.1311
2010-10-06,3.5053
2010-10-07,7.2890
2010-10-08,0.8881
2010-10-09,3.7261
2010-10-10,0.8065
2010-10-11,0.0000
2010-10-12,0.0000
2010-11-01,0.0000
2010-11-02,0.5356
2010-11-03,10.6842
2010-11-04,9.1199
2010-11-05,6.1098
2010-11-06,3.3020
2010-11-07,3.3690
2010-11-08,0.1157
2010-11-09,6.0340
2010-11-10,1.8727
2010-11-11,0.0000
2010-11-12,0.0000
2010-12-01,0.0000
2010-12-02,0.3434
2010-12-03,12.5824
2010-12-04,20.2276
2010-12-05,0.0195
2010-12-06,3.5115
2010-12-07,1.0988
2010-12-08,2.3435
2010-12-09,9.3468
2010-12-10,0.0521
2010-12-11,0.0000
2010-12-12,0.0000
2011-01-01,0.0000
2011-01-02,1.9550
2011-01-03,0.1525
2011-01-04,4.3302
2011-01-05,0.2773
2011-01-06,1.5052
2011-01-07,7.3669
2011-01-08,2.8698
2011-01-09,0.7324
2011-01-10,0.6928
2011-01-11,5.8744
2011-01-12,0.0000
2011-02-01,0.0000
2011-02-02,3.0639
2011-02-03,0.0904
2011-02-04,2.1097
2011-02-05,0.0053
2011-02-06,2.9683
2011-02-07,4.8459
2011-02-08,0.5069
2011-02-09,1.1549
2011-02-10,0.2549
2011-02-11,0.4598
2011-02-12,6.9138
2011-03-01,0.4482
2011-03-02,3.1121
2011-03-03,0.0557
2011-03-04,10.9804
2011-03-05,0.0702
2011-03-06,7.2506
2011-03-07,0.1705
2011-03-08,0.1405
2011-03-09,1.8208
2011-03-10,2.8936
2011-03-11,0.0114
2011-03-12,3.3346
2011-04-01,1.3809
2011-04-02,2.9711
2011-04-03,0.8853
2011-04-04,0.5395
2011-04-05,5.0136
2011-04-06,11.0654
2011-04-07,1.0290
2011-04-08,0.1285
2011-04-09,1.7183
2011-04-10,1.2205
2011-04-11,1.2075
2011-04-12,1.4806
2011-05-01,0.5493
2011-05-02,2.6200
2011-05-03,0.5845
2011-05-04,0.0000
2011-05-05,21.9876
2011-05-06,5.7518
2011-05-07,4.1082
2011-05-08,0.0847
2011-05-09,0.3350
2011-05-10,5.6837
2011-05-11,0.5684
2011-05-12,0.9044
2011-06-01,0.0000
2011-06-02,0.4913
2011-06-03,0.2656
2011-06-04,0.0000
2011-06-05,22.7311
2011-06-06,4.7090
2011-06-07,4.6407
2011-06-08,0.0823
2011-06-09,0.0833
2011-06-10,3.1204
2011-06-11,0.7389
2011-06-12,0.6160
2011-07-01,0.0000
2011-07-02,0.1421
2011-07-03,0.7368
2011-07-04,0.0000
2011-07-05,6.6048
2011-07-06,5.2595
2011-07-07,2.6881
2011-07-08,9.2630
2011-07-09,2.0045
2011-07-10,4.0955
2011-07-11,0.8029
2011-07-12,0.0000
2011-08-01,0.0000
2011-08-02,2.5271
2011-08-03,0.0177
2011-08-04,0.0000
2011-08-05,10.0722
2011-08-06,9.2134
2011-08-07,1.6842
2011-08-08,8.1017
2011-08-09,9.0825
2011-08-10,2.8290
2011-08-11,6.7445
2011-08-12,0.0000
2011-09-01,0.0000
2011-09-02,6.4549
2011-09-03,0.0000
2011-09-04,0.0060
2011-09-05,4.0569
2011-09-06,8.4521
2011-09-07,3.6177
2011-09-08,2.0939
2011-09-09,4.6888
2011-09-10,0.1362
2011-09-11,1.9948
2011-09-12,0.0000
2011-10-01,0.0000
2011-10-02,0.0521
2011-10-03,0.7142
2011-10-04,0.7322
2011-10-05,7.2664
2011-10-06,7.2949
2011-10-07,3.3720
2011-10-08,9.3236
2011-10-09,2.9619
2011-10-10,0.0006
2011-10-11,0.4866
2011-10-12,0.0000
2011-11-01,0.0000
2011-11-02,0.0000
2011-11-03,10.9479
2011-11-04,0.3955
2011-11-05,18.7858
2011-11-06,5.0463
2011-11-07,0.8764
2011-11-08,0.6536
2011-11-09,0.1302
2011-11-10,0.0000
2011-11-11,0.0000
2011-11-12,0.0000
2011-12-01,0.0000
2011-12-02,1.2796
2011-12-03,0.0659
2011-12-04,0.0000
2011-12-05,7.4291
2011-12-06,6.6337
2011-12-07,4.2119
2011-12-08,0.2290
2011-12-09,0.5329
2011-12-10,0.4999
2011-12-11,0.0706
2011-12-12,1.8519
2012-01-01,0.0000
2012-01-02,0.0808
2012-01-03,0.0067
2012-01-04,2.9751
2012-01-05,3.3146
2012-01-06,3.9881
2012-01-07,1.9817
2012-01-08,5.6304
2012-01-09,0.0000
2012-01-10,0.0000
2012-01-11,0.2173
2012-01-12,2.7831
2012-02-01,0.0000
2012-02-02,2.2449
2012-02-03,0.0000
2012-02-04,2.2283
2012-02-05,1.4194
2012-02-06,10.6221
2012-02-07,1.4469
2012-02-08,3.8099
2012-02-09,3.5211
2012-02-10,0.0000
2012-02-11,0.0000
2012-02-12,0.0000
2012-03-01,0.4715
2012-03-02,2.9540
2012-03-03,1.1679
2012-03-04,0.0127
2012-03-05,2.5240
2012-03-06,9.1685
2012-03-07,1.1336
2012-03-08,0.4957
2012-03-09,2.5624
2012-03-10,0.0000
2012-03-11,0.8698
2012-03-12,0.0000
2012-04-01,0.0488
2012-04-02,3.7666
2012-04-03,6.5734
2012-04-04,0.0964
2012-04-05,0.2608
2012-04-06,0.5596
2012-04-07,1.6559
2012-04-08,0.2369
2012-04-09,0.3744
2012-04-10,2.4969
2012-04-11,14.5637
2012-04-12,0.0000
2012-05-01,0.3070
2012-05-02,3.3048
2012-05-03,4.0523
2012-05-04,0.6761
2012-05-05,0.2119
2012-05-06,4.2962
2012-05-07,1.9060
2012-05-08,0.5445
2012-05-09,0.9399
2012-05-10,10.9181
2012-05-11,0.0479
2012-05-12,0.0000
2012-06-01,0.2685
2012-06-02,0.5537
2012-06-03,0.0237
2012-06-04,0.1288
2012-06-05,7.0206
2012-06-06,7.0940
2012-06-07,1.0209
2012-06-08,1.1443
2012-06-09,0.3868
2012-06-10,2.4094
2012-06-11,0.0000
2012-06-12,0.0000
2012-07-01,0.0000
2012-07-02,0.4420
2012-07-03,2.6017
2012-07-04,0.6780
2012-07-05,2.2615
2012-07-06,1.4057
2012-07-07,0.3689
2012-07-08,2.9342
2012-07-09,1.9315
2012-07-10,0.0000
2012-07-11,0.0000
2012-07-12,0.0000
2012-08-01,0.0000
2012-08-02,0.0019
2012-08-03,0.3813
2012-08-04,3.0216
2012-08-05,3.2620
2012-08-06,3.1911
2012-08-07,1.3075
2012-08-08,1.0159
2012-08-09,1.8523
2012-08-10,0.0000
2012-08-11,0.0000
2012-08-12,1.0671
2012-09-01,0.0000
2012-09-02,0.5999
2012-09-03,0.8030
2012-09-04,2.9857
2012-09-05,0.4957
2012-09-06,11.7543
2012-09-07,3.8397
2012-09-08,0.0713
2012-09-09,0.0000
2012-09-10,0.0000
2012-09-11,0.0000
2012-09-12,1.6409
2012-10-01,0.0000
2012-10-02,0.8568
2012-10-03,0.4165
2012-10-04,0.1884
2012-10-05,0.0109
2012-10-06,24.6072
2012-10-07,9.8460
2012-10-08,0.1359
2012-10-09,0.0870
2012-10-10,0.0000
2012-10-11,0.0000
2012-10-12,0.0000
2012-11-01,0.2845
2012-11-02,0.1819
2012-11-03,0.8115
2012-11-04,1.0324
2012-11-05,4.3232
2012-11-06,8.1470
2012-11-07,9.0191
2012-11-08,0.0948
2012-11-09,0.0660
2012-11-10,0.0000
2012-11-11,0.0000
2012-11-12,2.4388
2012-12-01,0.4790
2012-12-02,0.2964
2012-12-03,5.7384
2012-12-04,1.6840
2012-12-05,8.0738
2012-12-06,8.6984
2012-12-07,6.8484
2012-12-08,0.9825
2012-12-09,3.3712
2012-12-10,0.0068
2012-12-11,11.4664
2012-12-12,7.4440
2013-01-01,0.3071
2013-01-02,0.0510
2013-01-03,0.1408
2013-01-04,9.2545
2013-01-05,1.5688
2013-01-06,7.3792
2013-01-07,2.9722
2013-01-08,2.5607
2013-01-09,0.2122
2013-01-10,0.3012
2013-01-11,0.3478
2013-01-12,11.9500
2013-02-01,0.0000
2013-02-02,1.1935
2013-02-03,1.1957
2013-02-04,0.9057
2013-02-05,1.6064
2013-02-06,12.7011
2013-02-07,2.3498
2013-02-08,4.3233
2013-02-09,0.0282
2013-02-10,0.0841
2013-02-11,1.1621
2013-02-12,0.8099
2013-03-01,0.3891
2013-03-02,0.2271
2013-03-03,5.5802
2013-03-04,0.0000
2013-03-05,6.2982
2013-03-06,9.5073
2013-03-07,2.9144
2013-03-08,8.0111
2013-03-09,0.5461
2013-03-10,0.0722
2013-03-11,0.3824
2013-03-12,0.0016
2013-04-01,2.1777
2013-04-02,2.7226
2013-04-03,1.6183
2013-04-04,0.0000
2013-04-05,2.0671
2013-04-06,11.6624
2013-04-07,3.3094
2013-04-08,2.3445
2013-04-09,3.7302
2013-04-10,1.1123
2013-04-11,0.0000
2013-04-12,0.1587
2013-05-01,0.1000
2013-05-02,4.3237
2013-05-03,0.0008
2013-05-04,0.1723
2013-05-05,0.0394
2013-05-06,11.8101
2013-05-07,7.6304
2013-05-08,0.6910
2013-05-09,3.2558
2013-05-10,0.4278
2013-05-11,0.0000
2013-05-12,5.1852
2013-06-01,0.0000
2013-06-02,0.8155
2013-06-03,0.0000
2013-06-04,1.0549
2013-06-05,0.0274
2013-06-06,10.0977
2013-06-07,3.4379
2013-06-08,2.7469
2013-06-09,1.0999
2013-06-10,0.0000
2013-06-11,0.0000
2013-06-12,0.1097
2013-07-01,0.0000
2013-07-02,0.0000
2013-07-03,2.6089
2013-07-04,0.1108
2013-07-05,0.5134
2013-07-06,0.9289
2013-07-07,4.0996
2013-07-08,10.1660
2013-07-09,0.3394
2013-07-10,0.0000
2013-07-11,0.0000
2013-07-12,2.1345
2013-08-01,0.0000
2013-08-02,0.4446
2013-08-03,1.6779
2013-08-04,0.0000
2013-08-05,1.5124
2013-08-06,0.1818
2013-08-07,1.5157
2013-08-08,4.6574
2013-08-09,0.0518
2013-08-10,0.0000
2013-08-11,0.0638
2013-08-12,0.2534
2013-09-01,0.0000
2013-09-02,1.2555
2013-09-03,3.5120
2013-09-04,0.0000
2013-09-05,6.7978
2013-09-06,0.9537
2013-09-07,1.4247
2013-09-08,2.7167
2013-09-09,0.0000
2013-09-10,0.0000
2013-09-11,0.0710
2013-09-12,0.0000
2013-10-01,0.1506
2013-10-02,0.0475
2013-10-03,0.0411
2013-10-04,0.0000
2013-10-05,1.4682
2013-10-06,17.3258
2013-10-07,3.9062
2013-10-08,9.7877
2013-10-09,0.0668
2013-10-10,11.1083
2013-10-11,0.1621
2013-10-12,0.0000
2013-11-01,1.7782
2013-11-02,0.0000
2013-11-03,0.7731
2013-11-04,0.0000
2013-11-05,6.6014
2013-11-06,13.5541
2013-11-07,2.4845
2013-11-08,2.8689
2013-11-09,0.8211
2013-11-10,0.2485
2013-11-11,6.6513
2013-11-12,1.3303
2013-12-01,11.2817
2013-12-02,0.0000
2013-12-03,1.7285
2013-12-04,0.0000
2013-12-05,4.7549
2013-12-06,9.7478
2013-12-07,2.0183
2013-12-08,5.3215
2013-12-09,4.5319
2013-12-10,0.0000
2013-12-11,0.2355
2013-12-12,2.7784
2014-01-01,0.0000
2014-01-02,5.0709
2014-01-03,0.0000
2014-01-04,0.0000
2014-01-05,2.0049
2014-01-06,10.4209
2014-01-07,1.0863
2014-01-08,0.4808
2014-01-09,0.0553
2014-01-10,43.1823
2014-01-11,0.0000
2014-01-12,1.6321
2014-02-01,0.0000
2014-02-02,5.9801
2014-02-03,0.0000
2014-02-04,1.9412
2014-02-05,0.0120
2014-02-06,8.0557
2014-02-07,1.3155
2014-02-08,0.8225
2014-02-09,2.1653
2014-02-10,23.5719
2014-02-11,0.6025
2014-02-12,0.0000
2014-03-01,0.0571
2014-03-02,4.7137
2014-03-03,0.0000
2014-03-04,1.0279
2014-03-05,0.0000
2014-03-06,2.4722
2014-03-07,0.5055
2014-03-08,2.6060
2014-03-09,3.5899
2014-03-10,7.7438
2014-03-11,4.3274
2014-03-12,4.1292
2014-04-01,1.0170
2014-04-02,0.7172
2014-04-03,0.0000
2014-04-04,10.4338
2014-04-05,0.0000
2014-04-06,0.0000
2014-04-07,2.9596
2014-04-08,4.9086
2014-04-09,1.7054
2014-04-10,17.4515
2014-04-11,0.2039
2014-04-12,5.5677
2014-05-01,1.7373
2014-05-02,0.0032
2014-05-03,0.0000
2014-05-04,4.2424
2014-05-05,0.5961
2014-05-06,0.1567
2014-05-07,0.8601
2014-05-08,0.8987
2014-05-09,0.2974
2014-05-10,2.2534
2014-05-11,0.1915
2014-05-12,0.3405
2014-06-01,0.1367
2014-06-02,0.2950
2014-06-03,0.0000
2014-06-04,3.0435
2014-06-05,1.2802
2014-06-06,7.5023
2014-06-07,0.7925
2014-06-08,0.5173
2014-06-09,4.9110
2014-06-10,7.3883
2014-06-11,4.1727
2014-06-12,0.9241
2014-07-01,0.0000
2014-07-02,0.4499
2014-07-03,2.1054
2014-07-04,6.5896
2014-07-05,0.7196
2014-07-06,9.3047
2014-07-07,0.7697
2014-07-08,0.2987
2014-07-09,0.1030
2014-07-10,8.0692
2014-07-11,5.4663
2014-07-12,12.4931
2014-08-01,0.0016
2014-08-02,1.4278
2014-08-03,7.8844
2014-08-04,0.0574
2014-08-05,0.0000
2014-08-06,4.9632
2014-08-07,0.9973
2014-08-08,0.5913
2014-08-09,1.4950
2014-08-10,21.1590
2014-08-11,7.0372
2014-08-12,0.1425
2014-09-01,0.2569
2014-09-02,0.3908
2014-09-03,5.8759
2014-09-04,0.0000
2014-09-05,0.0000
2014-09-06,5.2320
2014-09-07,0.0000
2014-09-08,0.7255
2014-09-09,1.2606
2014-09-10,0.8402
2014-09-11,0.5358
2014-09-12,0.0000
2014-10-01,0.0000
2014-10-02,0.0000
2014-10-03,0.3874
2014-10-04,2.0560
2014-10-05,0.1838
2014-10-06,0.7096
2014-10-07,1.1540
2014-10-08,0.2190
2014-10-09,0.6889
2014-10-10,0.0000
2014-10-11,2.5155
2014-10-12,0.0000
2014-11-01,0.0000
2014-11-02,0.0000
2014-11-03,0.0000
2014-11-04,9.8079
2014-11-05,1.0122
2014-11-06,2.9233
2014-11-07,2.1298
2014-11-08,0.0265
2014-11-09,0.9200
2014-11-10,0.0000
2014-11-11,0.0000
2014-11-12,0.0000
2014-12-01,0.0000
2014-12-02,0.0000
2014-12-03,0.0000
2014-12-04,11.2819
2014-12-05,0.0000
2014-12-06,3.9783
2014-12-07,3.6259
2014-12-08,0.8325
2014-12-09,0.4306
2014-12-10,0.0000
2014-12-11,0.0448
2014-12-12,0.0000
2015-01-01,0.0000
2015-01-02,2.8020
2015-01-03,0.0000
2015-01-04,1.8537
2015-01-05,7.6673
2015-01-06,6.4887
2015-01-07,0.4882
2015-01-08,1.9741
2015-01-09,1.0689
2015-01-10,1.8103
2015-01-11,9.2974
2015-01-12,0.0000
2015-02-01,2.2954
2015-02-02,1.2557
2015-02-03,0.0507
2015-02-04,2.6583
2015-02-05,1.7434
2015-02-06,0.6413
2015-02-07,0.5977
2015-02-08,2.1302
2015-02-09,3.9645
2015-02-10,2.9808
2015-02-11,4.1078
2015-02-12,0.0000
2015-03-01,1.0136
2015-03-02,1.5798
2015-03-03,0.0000
2015-03-04,0.1166
2015-03-05,0.5201
2015-03-06,1.5363
2015-03-07,0.1534
2015-03-08,2.9554
2015-03-09,8.7861
2015-03-10,4.9086
2015-03-11,4.1156
2015-03-12,2.2088
2015-04-01,0.2412
2015-04-02,0.3031
2015-04-03,0.2259
2015-04-04,3.8366
2015-04-05,0.9371
2015-04-06,3.9366
2015-04-07,1.1615
2015-04-08,1.3628
2015-04-09,0.8800
2015-04-10,2.0882
2015-04-11,0.5331
2015-04-12,0.8337
2015-05-01,0.8547
2015-05-02,0.0000
2015-05-03,1.8790
2015-05-04,0.0021
2015-05-05,3.7598
2015-05-06,1.6156
2015-05-07,2.3948
2015-05-08,0.4254
2015-05-09,2.4283
2015-05-10,2.6072
2015-05-11,5.3098
2015-05-12,9.6996
2015-06-01,0.0055
2015-06-02,0.0000
2015-06-03,0.1661
2015-06-04,0.0000
2015-06-05,0.7872
2015-06-06,2.9353
2015-06-07,0.6788
2015-06-08,2.6513
2015-06-09,3.2040
2015-06-10,0.0115
2015-06-11,0.6711
2015-06-12,1.7891
2015-07-01,0.0000
2015-07-02,1.5499
2015-07-03,2.4231
2015-07-04,2.0417
2015-07-05,0.8330
2015-07-06,3.1880
2015-07-07,0.1375
2015-07-08,3.6067
2015-07-09,0.5144
2015-07-10,0.8776
2015-07-11,1.4990
2015-07-12,0.0732
2015-08-01,0.0282
2015-08-02,0.7772
2015-08-03,3.1565
2015-08-04,4.5665
2015-08-05,0.9031
2015-08-06,13.9962
2015-08-07,1.6524
2015-08-08,5.3576
2015-08-09,0.0304
2015-08-10,0.4527
2015-08-11,1.3089
2015-08-12,0.7785
2015-09-01,2.4270
2015-09-02,1.1094
2015-09-03,0.6201
2015-09-04,0.1346
2015-09-05,8.8102
2015-09-06,17.5616
2015-09-07,2.2286
2015-09-08,1.6715
2015-09-09,0.0000
2015-09-10,1.6414
2015-09-11,0.0949
2015-09-12,5.8903
2015-10-01,0.4696
2015-10-02,0.6900
2015-10-03,4.5399
2015-10-04,0.0000
2015-10-05,0.1516
2015-10-06,0.0000
2015-10-07,1.6216
2015-10-08,5.6057
2015-10-09,0.0599
2015-10-10,1.1203
2015-10-11,0.0000
2015-10-12,6.2236
2015-11-01,4.1211
2015-11-02,0.3334
2015-11-03,5.7852
2015-11-04,0.0000
2015-11-05,8.0695
2015-11-06,0.0001
2015-11-07,0.0000
2015-11-08,0.5593
2015-11-09,1.0316
2015-11-10,7.1568
2015-11-11,1.2359
2015-11-12,1.5596
2015-12-01,0.5108
2015-12-02,20.3302
2015-12-03,0.7664
2015-12-04,0.0000
2015-12-05,1.8199
2015-12-06,1.1268
2015-12-07,0.2356
2015-12-08,0.2694
2015-12-09,2.4073
2015-12-10,2.8759
2015-12-11,2.3783
2015-12-12,0.0572
2016-01-01,0.0635
2016-01-02,1.0630
2016-01-03,0.7505
2016-01-04,5.3384
2016-01-05,4.2482
2016-01-06,15.5418
2016-01-07,12.9045
2016-01-08,0.1394
2016-01-09,2.0069
2016-01-10,17.3626
2016-01-11,0.0000
2016-01-12,0.0000
2016-02-01,0.0560
2016-02-02,2.4192
2016-02-03,2.1859
2016-02-04,5.5507
2016-02-05,25.9839
2016-02-06,7.6313
2016-02-07,19.8335
2016-02-08,0.4836
2016-02-09,3.1372
2016-02-10,31.8872
2016-02-11,0.0000
2016-02-12,0.3159
2016-03-01,1.0891
2016-03-02,0.0000
2016-03-03,0.0000
2016-03-04,2.2120
2016-03-05,12.0273
2016-03-06,14.4235
2016-03-07,15.9660
2016-03-08,1.3216
2016-03-09,2.0474
2016-03-10,0.0000
2016-03-11,5.3755
2016-03-12,9.2975
2016-04-01,2.2401
2016-04-02,0.0000
2016-04-03,0.0000
2016-04-04,8.0296
2016-04-05,1.5208
2016-04-06,5.0791
2016-04-07,10.6066
2016-04-08,1.1154
2016-04-09,2.8276
2016-04-10,0.0000
2016-04-11,11.5205
2016-04-12,4.2507
2016-05-01,2.6012
2016-05-02,0.0000
2016-05-03,0.0000
2016-05-04,0.6495
2016-05-05,3.4881
2016-05-06,7.3167
2016-05-07,12.3567
2016-05-08,1.1621
2016-05-09,3.2683
2016-05-10,0.0000
2016-05-11,0.0000
2016-05-12,0.7502
2016-06-01,0.0000
2016-06-02,0.0000
2016-06-03,0.0000
2016-06-04,2.7029
2016-06-05,11.8203
2016-06-06,6.3352
2016-06-07,8.5878
2016-06-08,1.6258
2016-06-09,2.6248
2016-06-10,0.0000
2016-06-11,0.0000
2016-06-12,5.6476
2016-07-01,0.0685
2016-07-02,0.0000
2016-07-03,0.3097
2016-07-04,2.4870
2016-07-05,1.7416
2016-07-06,5.2516
2016-07-07,6.2657
2016-07-08,2.5819
2016-07-09,2.6203
2016-07-10,0.0000
2016-07-11,0.0000
2016-07-12,14.4840
2016-08-01,3.8470
2016-08-02,0.0551
2016-08-03,0.2291
2016-08-04,13.5569
2016-08-05,1.9960
2016-08-06,5.6639
2016-08-07,1.4438
2016-08-08,0.0000
2016-08-09,6.0362
2016-08-10,0.0000
2016-08-11,0.0000
2016-08-12,1.7326
2016-09-01,0.0000
2016-09-02,9.7682
2016-09-03,0.0000
2016-09-04,7.1851
2016-09-05,24.7134
2016-09-06,1.6193
2016-09-07,0.7245
2016-09-08,0.4217
2016-09-09,4.6556
2016-09-10,2.5176
2016-09-11,0.0000
2016-09-12,6.9930
2016-10-01,1.1768
2016-10-02,1.9883
2016-10-03,0.3657
2016-10-04,0.9036
2016-10-05,14.3596
2016-10-06,2.0539
2016-10-07,2.5584
2016-10-08,0.6688
2016-10-09,1.1107
2016-10-10,0.5147
2016-10-11,0.0000
2016-10-12,3.2405
2016-11-01,3.1323
2016-11-02,0.0000
2016-11-03,1.1059
2016-11-04,0.3888
2016-11-05,5.3526
2016-11-06,2.6713
2016-11-07,0.0532
2016-11-08,0.2173
2016-11-09,4.3572
2016-11-10,0.0000
2016-11-11,0.0011
2016-11-12,1.1559
2016-12-01,0.5436
2016-12-02,0.0000
2016-12-03,4.5813
2016-12-04,5.9780
2016-12-05,6.7456
2016-12-06,17.9021
2016-12-07,2.7609
2016-12-08,0.7689
2016-12-09,0.6736
2016-12-10,0.0011
2016-12-11,0.9456
2016-12-12,0.7605
2017-01-01,0.0000
2017-01-02,3.1988
2017-01-03,0.2978
2017-01-04,8.7571
2017-01-05,0.9901
2017-01-06,4.7213
2017-01-07,4.5371
2017-01-08,0.1607
2017-01-09,0.5977
2017-01-10,0.0000
2017-01-11,0.0936
2017-01-12,1.9057
2017-02-01,0.7397
2017-02-02,2.1697
2017-02-03,2.9617
2017-02-04,5.6415
2017-02-05,0.0000
2017-02-06,2.4786
2017-02-07,3.8637
2017-02-08,1.7716
2017-02-09,1.0256
2017-02-10,4.3534
2017-02-11,0.0000
2017-02-12,3.3487
2017-03-01,2.1734
2017-03-02,9.8765
2017-03-03,0.5661
2017-03-04,13.3046
2017-03-05,0.0000
2017-03-06,0.9335
2017-03-07,0.7197
2017-03-08,3.8779
2017-03-09,2.0259
2017-03-10,5.7497
2017-03-11,1.5632
2017-03-12,1.3789
2017-04-01,0.5157
2017-04-02,1.0855
2017-04-03,0.2330
2017-04-04,0.4747
2017-04-05,0.1803
2017-04-06,22.0941
2017-04-07,2.0791
2017-04-08,4.1939
2017-04-09,4.7011
2017-04-10,16.2050
2017-04-11,7.9194
2017-04-12,0.5543
2017-05-01,2.0675
2017-05-02,0.0001
2017-05-03,0.1763
2017-05-04,8.2621
2017-05-05,0.6984
2017-05-06,6.7610
2017-05-07,3.7241
2017-05-08,0.9483
2017-05-09,4.9708
2017-05-10,0.5534
2017-05-11,0.4460
2017-05-12,0.2721
2017-06-01,0.0000
2017-06-02,0.0000
2017-06-03,1.0373
2017-06-04,1.3739
2017-06-05,11.7304
2017-06-06,17.1470
2017-06-07,0.1421
2017-06-08,0.0952
2017-06-09,6.9044
2017-06-10,0.1481
2017-06-11,4.4196
2017-06-12,0.7068
2017-07-01,0.0408
2017-07-02,0.0000
2017-07-03,1.2542
2017-07-04,0.0000
2017-07-05,9.1911
2017-07-06,3.6216
2017-07-07,1.1356
2017-07-08,0.2202
2017-07-09,3.5055
2017-07-10,1.2915
2017-07-11,2.9933
2017-07-12,0.0000
2017-08-01,0.1255
2017-08-02,0.0182
2017-08-03,0.0000
2017-08-04,0.0000
2017-08-05,0.8942
2017-08-06,0.1723
2017-08-07,2.2170
2017-08-08,0.6719
2017-08-09,0.7054
2017-08-10,0.0000
2017-08-11,0.1244
2017-08-12,0.6597
2017-09-01,0.0000
2017-09-02,0.1000
2017-09-03,1.0377
2017-09-04,0.0000
2017-09-05,0.0000
2017-09-06,5.4098
2017-09-07,7.2023
2017-09-08,1.8937
2017-09-09,5.6149
2017-09-10,0.0000
2017-09-11,1.1658
2017-09-12,1.3146
2017-10-01,0.0000
2017-10-02,0.1641
2017-10-03,1.5859
2017-10-04,1.2252
2017-10-05,2.0035
2017-10-06,12.3995
2017-10-07,7.2330
2017-10-08,2.7554
2017-10-09,9.8131
2017-10-10,0.0000
2017-10-11,0.8336
2017-10-12,1.1949
2017-11-01,0.0000
2017-11-02,1.1949
2017-11-03,0.8368
2017-11-04,7.9443
2017-11-05,1.5431
2017-11-06,5.6016
2017-11-07,4.3117
2017-11-08,8.1977
2017-11-09,8.9586
2017-11-10,0.0000
2017-11-11,0.0000
2017-11-12,0.0000
2017-12-01,0.9144
2017-12-02,0.7370
2017-12-03,0.9146
2017-12-04,8.4486
2017-12-05,0.0000
2017-12-06,0.9762
2017-12-07,9.9158
2017-12-08,4.4355
2017-12-09,2.8804
2017-12-10,0.1052
2017-12-11,0.0000
2017-12-12,0.0000
2018-01-01,0.0000
2018-01-02,0.0000
2018-01-03,5.6198
2018-01-04,11.4973
2018-01-05,17.7188
2018-01-06,2.9999
2018-01-07,5.6594
2018-01-08,7.2214
2018-01-09,1.1982
2018-01-10,3.5716
2018-01-11,8.2980
2018-01-12,0.0722
2018-02-01,0.0000
2018-02-02,0.3003
2018-02-03,17.0279
2018-02-04,0.1765
2018-02-05,0.0000
2018-02-06,2.6378
2018-02-07,9.5401
2018-02-08,7.9669
2018-02-09,0.4443
2018-02-10,2.1442
2018-02-11,2.5161
2018-02-12,0.0000
2018-03-01,0.0000
2018-03-02,2.1988
2018-03-03,0.1672
2018-03-04,0.0000
2018-03-05,1.7445
2018-03-06,7.6116
2018-03-07,5.4625
2018-03-08,3.0586
2018-03-09,0.1458
2018-03-10,0.0000
2018-03-11,0.4073
2018-03-12,0.0000
2018-04-01,0.6698
2018-04-02,0.2148
2018-04-03,2.5543
2018-04-04,0.0000
2018-04-05,5.3001
2018-04-06,4.1162
2018-04-07,3.1062
2018-04-08,1.9496
2018-04-09,0.1527
2018-04-10,0.0000
2018-04-11,0.3858
2018-04-12,0.0000
2018-05-01,0.6011
2018-05-02,0.1518
2018-05-03,0.0244
2018-05-04,0.0000
2018-05-05,3.0578
2018-05-06,1.0557
2018-05-07,5.0031
2018-05-08,0.1560
2018-05-09,0.2164
2018-05-10,0.8384
2018-05-11,0.0000
2018-05-12,0.0000
2018-06-01,0.0000
2018-06-02,2.9595
2018-06-03,1.8440
2018-06-04,0.4658
2018-06-05,13.0948
2018-06-06,0.6164
2018-06-07,0.7313
2018-06-08,2.1866
2018-06-09,0.1417
2018-06-10,4.3328
2018-06-11,0.0036
2018-06-12,0.0000
2018-07-01,0.0780
2018-07-02,0.5835
2018-07-03,6.3672
2018-07-04,7.9754
2018-07-05,0.0000
2018-07-06,4.4233
2018-07-07,0.8959
2018-07-08,9.6682
2018-07-09,0.9989
2018-07-10,4.0005
2018-07-11,1.6552
2018-07-12,0.0025
2018-08-01,0.1000
2018-08-02,0.2675
2018-08-03,0.0492
2018-08-04,2.7443
2018-08-05,1.1631
2018-08-06,5.2944
2018-08-07,0.4052
2018-08-08,4.2275
2018-08-09,0.5338
2018-08-10,1.3135
2018-08-11,5.5093
2018-08-12,2.2298
2018-09-01,0.0548
2018-09-02,0.0000
2018-09-03,0.3243
2018-09-04,9.8941
2018-09-05,0.7318
2018-09-06,2.4140
2018-09-07,0.0934
2018-09-08,1.2751
2018-09-09,0.8774
2018-09-10,1.4567
2018-09-11,0.0005
2018-09-12,0.9831
2018-10-01,0.0000
2018-10-02,0.0000
2018-10-03,0.1831
2018-10-04,13.7520
2018-10-05,1.6722
2018-10-06,2.8091
2018-10-07,3.8400
2018-10-08,1.5567
2018-10-09,2.4828
2018-10-10,1.0541
2018-10-11,0.3940
2018-10-12,0.6335
2018-11-01,3.7502
2018-11-02,0.0000
2018-11-03,2.7314
2018-11-04,0.4399
2018-11-05,0.3407
2018-11-06,5.0884
2018-11-07,6.5741
2018-11-08,9.8972
2018-11-09,2.1441
2018-11-10,1.6898
2018-11-11,3.0255
2018-11-12,1.8404
2018-12-01,2.0060
2018-12-02,0.0000
2018-12-03,7.5755
2018-12-04,0.0000
2018-12-05,10.0584
2018-12-06,4.3154
2018-12-07,3.2622
2018-12-08,8.7302
2018-12-09,0.8192
2018-12-10,0.4343
2018-12-11,12.9223
2018-12-12,0.0000
2019-01-01,0.2429
2019-01-02,0.5130
2019-01-03,0.0292
2019-01-04,1.3866
2019-01-05,1.2697
2019-01-06,12.8412
2019-01-07,4.5866
2019-01-08,2.3097
2019-01-09,7.1341
2019-01-10,3.3629
2019-01-11,0.6602
2019-01-12,0.1770
2019-02-01,1.4129
2019-02-02,0.0000
2019-02-03,1.1722
2019-02-04,0.3194
2019-02-05,6.4441
2019-02-06,8.2178
2019-02-07,1.4040
2019-02-08,2.7251
2019-02-09,8.3950
2019-02-10,1.3284
2019-02-11,3.9769
2019-02-12,2.2353
2019-03-01,0.2351
2019-03-02,0.0000
2019-03-03,2.4870
2019-03-04,0.5815
2019-03-05,5.5620
2019-03-06,4.5424
2019-03-07,9.8369
2019-03-08,3.0193
2019-03-09,3.5896
2019-03-10,0.0307
2019-03-11,0.0000
2019-03-12,0.0000
2019-04-01,0.0734
2019-04-02,0.0000
2019-04-03,2.7816
2019-04-04,1.1168
2019-04-05,1.6362
2019-04-06,6.2554
2019-04-07,2.0473
2019-04-08,3.8313
2019-04-09,8.2705
2019-04-10,0.7074
2019-04-11,3.2173
2019-04-12,0.0000
2019-05-01,0.0472
2019-05-02,1.9027
2019-05-03,2.2740
2019-05-04,7.5290
2019-05-05,0.2040
2019-05-06,8.7249
2019-05-07,2.3256
2019-05-08,0.8494
2019-05-09,10.8746
2019-05-10,0.2521
2019-05-11,0.9101
2019-05-12,0.0000
2019-06-01,0.0000
2019-06-02,5.8842
2019-06-03,0.0011
2019-06-04,10.4215
2019-06-05,0.0000
2019-06-06,12.3674
2019-06-07,8.5449
2019-06-08,0.9565
2019-06-09,12.2007
2019-06-10,0.1159
2019-06-11,0.6321
2019-06-12,2.2437
2019-07-01,0.0490
2019-07-02,1.0626
2019-07-03,0.0020
2019-07-04,0.0000
2019-07-05,0.0000
2019-07-06,4.1117
2019-07-07,5.4194
2019-07-08,0.1391
2019-07-09,0.0135
2019-07-10,0.8910
2019-07-11,0.0233
2019-07-12,0.0178
2019-08-01,1.8321
2019-08-02,0.4046
2019-08-03,0.4315
2019-08-04,0.0000
2019-08-05,0.0621
2019-08-06,13.9105
2019-08-07,3.2071
2019-08-08,1.1834
2019-08-09,4.1838
2019-08-10,3.1968
2019-08-11,0.0000
2019-08-12,0.0000
2019-09-01,0.7511
2019-09-02,0.6965
2019-09-03,4.2810
2019-09-04,2.1928
2019-09-05,0.0000
2019-09-06,16.3040
2019-09-07,11.3695
2019-09-08,1.3443
2019-09-09,26.9157
2019-09-10,2.9960
2019-09-11,0.0000
2019-09-12,0.0000
2019-10-01,0.0000
2019-10-02,1.7435
2019-10-03,2.2596
2019-10-04,4.1362
2019-10-05,0.0000
2019-10-06,13.0804
2019-10-07,2.7490
2019-10-08,0.0000
2019-10-09,2.0704
2019-10-10,0.0129
2019-10-11,5.7339
2019-10-12,0.2448
2019-11-01,1.2981
2019-11-02,2.1587
2019-11-03,0.4810
2019-11-04,6.2112
2019-11-05,1.6321
2019-11-06,3.9716
2019-11-07,1.7360
2019-11-08,0.0073
2019-11-09,0.0000
2019-11-10,5.1558
2019-11-11,0.4125
2019-11-12,0.6166
2019-12-01,0.5813
2019-12-02,0.9121
2019-12-03,0.0000
2019-12-04,1.5222
2019-12-05,4.3388
2019-12-06,2.5201
2019-12-07,3.2344
2019-12-08,1.8774
2019-12-09,0.0000
2019-12-10,0.0652
2019-12-11,0.0000
2019-12-12,2.0014
2020-01-01,0.0473
2020-01-02,0.0000
2020-01-03,0.0000
2020-01-04,9.0006
2020-01-05,0.1779
2020-01-06,3.2046
2020-01-07,7.0889
2020-01-08,5.1397
2020-01-09,5.5418
2020-01-10,1.1549
2020-01-11,0.0000
2020-01-12,0.0975
2020-02-01,0.1027
2020-02-02,0.0000
2020-02-04,10.0603
2020-02-07,7.2889
2020-02-08,6.6739
2020-02-09,3.6863
2020-02-10,2.7949
2020-02-11,0.0000
2020-02-12,0.6656
2020-03-01,0.5594
2020-03-02,0.7396
2020-03-03,0.2831
2020-03-04,0.6400
2020-03-05,7.2799
2020-03-06,1.9792
2020-03-07,2.2367
2020-03-08,5.8902
2020-03-09,8.7335
2020-03-10,4.3554
2020-03-11,0.0000
2020-03-12,0.4858
2020-04-01,0.5137
2020-04-02,1.7352
2020-04-03,0.0000
2020-04-04,0.0000
2020-04-05,0.2905
2020-04-06,2.1136
2020-04-07,4.2913
2020-04-08,3.7059
2020-04-09,3.8523
2020-04-10,0.4119
2020-04-11,0.0000
2020-04-12,2.5109
2020-05-02,0.0000
2020-05-03,6.4691
2020-05-05,9.1935
2020-05-06,8.0930
2020-05-07,16.5326
2020-05-08,4.6288
2020-05-09,4.8977
2020-05-10,0.1902
2020-05-12,0.8230
2020-06-01,0.8907
2020-06-02,0.0213
2020-06-03,6.6598
2020-06-04,0.9242
2020-06-05,0.5724
2020-06-06,4.9533
2020-06-07,7.2916
2020-06-08,0.5422
2020-06-09,9.8770
2020-06-10,1.5751
2020-06-11,0.0000
2020-06-12,0.2704
2020-07-01,1.2362
2020-07-02,0.0000
2020-07-03,1.5786
2020-07-04,4.4468
2020-07-05,0.2306
2020-07-06,4.7175
2020-07-07,0.7730
2020-07-08,1.1791
2020-07-09,1.3706
2020-07-10,0.0192
2020-07-11,0.0000
2020-07-12,0.8415
2020-08-01,1.4450
2020-08-02,0.0000
2020-08-03,0.0039
2020-08-04,4.0956
2020-08-05,8.2201
2020-08-06,9.9805
2020-08-07,4.9435
2020-08-08,12.9370
2020-08-09,0.7261
2020-08-10,1.7295
2020-08-11,0.2378
2020-08-12,0.1794
2020-09-01,0.1529
2020-09-02,0.5687
2020-09-03,0.0000
2020-09-04,15.3640
2020-09-05,8.1431
2020-09-06,8.7871
2020-09-07,4.7958
2020-09-08,7.3400
2020-09-09,1.9018
2020-09-10,2.4725
2020-09-11,3.7848
2020-09-12,0.0473
2020-10-01,0.4521
2020-10-02,8.9015
2020-10-03,0.0000
2020-10-04,0.0000
2020-10-05,5.9845
2020-10-06,9.4320
2020-10-07,6.7580
2020-10-08,3.7506
2020-10-09,2.7084
2020-10-10,0.2811
2020-10-11,0.2080
2020-10-12,0.0000
2020-11-01,0.3163
2020-11-02,3.1881
2020-11-03,0.0024
2020-11-04,4.7689
2020-11-05,0.8848
2020-11-06,3.6117
2020-11-07,4.5317
2020-11-08,9.2408
2020-11-09,2.7016
2020-11-10,0.0783
2020-11-11,0.7611
2020-11-12,0.0000
2020-12-01,1.7395
2020-12-02,1.5170
2020-12-03,0.5495
2020-12-04,3.3611
2020-12-05,3.8868
2020-12-06,0.6940
2020-12-07,0.3326
2020-12-08,7.1772
2020-12-09,5.5324
2020-12-10,0.0000
2020-12-11,8.1293
2020-12-12,0.0000
